{"rowPerPage": 10,"pageNo" :1,"data" : [ {"id" : 1,"name" : "USER_1","info" : "INFO_1"}, {"id" : 2,"name" : "USER_2","info" : "INFO_2"}, {"id" : 3,"name" : "USER_3","info" : "INFO_3"}, {"id" : 4,"name" : "USER_4","info" : "INFO_4"}, {"id" : 5,"name" : "USER_5","info" : "INFO_5"}, {"id" : 6,"name" : "USER_6","info" : "INFO_6"}, {"id" : 7,"name" : "USER_7","info" : "INFO_7"}, {"id" : 8,"name" : "USER_8","info" : "INFO_8"}, {"id" : 9,"name" : "USER_9","info" : "INFO_9"}, {"id" : 10,"name" : "USER_10","info" : "INFO_10"}, {"id" : 11,"name" : "USER_11","info" : "INFO_11"}, {"id" : 12,"name" : "USER_12","info" : "INFO_12"}, {"id" : 13,"name" : "USER_13","info" : "INFO_13"}, {"id" : 14,"name" : "USER_14","info" : "INFO_14"}, {"id" : 15,"name" : "USER_15","info" : "INFO_15"}, {"id" : 16,"name" : "USER_16","info" : "INFO_16"}, {"id" : 17,"name" : "USER_17","info" : "INFO_17"}, {"id" : 18,"name" : "USER_18","info" : "INFO_18"}, {"id" : 19,"name" : "USER_19","info" : "INFO_19"}, {"id" : 20,"name" : "USER_20","info" : "INFO_20"}, {"id" : 21,"name" : "USER_21","info" : "INFO_21"}, {"id" : 22,"name" : "USER_22","info" : "INFO_22"}, {"id" : 23,"name" : "USER_23","info" : "INFO_23"}, {"id" : 24,"name" : "USER_24","info" : "INFO_24"}, {"id" : 25,"name" : "USER_25","info" : "INFO_25"}, {"id" : 26,"name" : "USER_26","info" : "INFO_26"}, {"id" : 27,"name" : "USER_27","info" : "INFO_27"}, {"id" : 28,"name" : "USER_28","info" : "INFO_28"}, {"id" : 29,"name" : "USER_29","info" : "INFO_29"}, {"id" : 30,"name" : "USER_30","info" : "INFO_30"} ]}